Timestamp,SurveyID,TicketNumber,Status
2026-01-14T09:35:43.347005,383129,S25021524821502,Manual Success
2026-01-14T10:14:35.265489,383150,b25021924853609,Manual Success
2026-01-14T10:17:26.663324,383160,s25022024868204,Manual Success
2026-01-14T10:32:24.506244,383161,i25021924857207,Manual Success
2026-01-14T10:32:51.572616,383163,b25021924858172,Manual Success
2026-01-14T10:35:53.008946,383176,s25021824851995,Manual Success
2026-01-14T10:36:13.635045,383177,s25021924858308,Manual Success
2026-01-14T11:30:58.003994,1000,b24120323775206,Manual Success
2026-01-14T11:31:29.370588,1020,i24120423818815,Manual Success
2026-01-14T11:31:59.285660,1030,s24120323773812,Manual Success
2026-01-14T11:32:27.168362,1034,s24120223771407,Manual Success
